experiment,method,est_sigma
s20c7_,spalin,1.32743600754221
s20c7_,spalin-divide-beta1,1.115240675142522
s20c7_,spalin-divide-beta3,1.037674189652293
s20c7_,spalin-divide-beta5,0.954062074253321
s20c7_,spalin-divide-beta7,0.862967886572721
s20c7_,spalin-divide-beta10,0.706914912705556
s20c7_,spalin_spatialonly,1.918774184631099
s20c7_,spalin-divide-beta5_spatialonly,1.201711333997779
s20c1_,spalin,1.985867584856309
s20c1_,spalin-divide-beta1,1.369104388661491
s20c1_,spalin-divide-beta3,1.285736622380229
s20c1_,spalin-divide-beta5,1.19763663939726
s20c1_,spalin-divide-beta7,1.104132785304356
s20c1_,spalin-divide-beta10,0.953078548287812
s20c1_,spalin_spatialonly,3.039149949065642
s20c1_,spalin-divide-beta5_spatialonly,1.551246142745684
s20c6_,spalin,1.696062568799978
s20c6_,spalin-divide-beta1,1.26435603049679
s20c6_,spalin-divide-beta3,1.185998545420365
s20c6_,spalin-divide-beta5,1.10758128321028
s20c6_,spalin-divide-beta7,1.033690174028901
s20c6_,spalin-divide-beta10,0.96822059503126
s20c6_,spalin_spatialonly,2.630545670294701
s20c6_,spalin-divide-beta5_spatialonly,1.16231366522016
s13c3_,spalin,3.927243525648465
s13c3_,spalin-divide-beta1,1.949648393264339
s13c3_,spalin-divide-beta3,1.884491969471161
s13c3_,spalin-divide-beta5,1.818290840830126
s13c3_,spalin-divide-beta7,1.751239194491828
s13c3_,spalin-divide-beta10,1.650116401084
s13c3_,spalin_spatialonly,3.946104596552866
s13c3_,spalin-divide-beta5_spatialonly,1.463084436996943
s7c2_,spalin,3.0332251717083
s7c2_,spalin-divide-beta1,1.685663186508453
s7c2_,spalin-divide-beta3,1.56870804134229
s7c2_,spalin-divide-beta5,1.442362510701514
s7c2_,spalin-divide-beta7,1.30760755683864
s7c2_,spalin-divide-beta10,1.09218584485639
s7c2_,spalin_spatialonly,2.996579313833413
s7c2_,spalin-divide-beta5_spatialonly,1.5258270123301
s7c5_,spalin,2.602211940629491
s7c5_,spalin-divide-beta1,1.574135031123204
s7c5_,spalin-divide-beta3,1.49342541167756
s7c5_,spalin-divide-beta5,1.408902471392239
s7c5_,spalin-divide-beta7,1.32019616925292
s7c5_,spalin-divide-beta10,1.178469145172526
s7c5_,spalin_spatialonly,4.12360213437594
s7c5_,spalin-divide-beta5_spatialonly,1.855150745829806
s13c4_,spalin,3.2845233155962
s13c4_,spalin-divide-beta1,1.767596810078006
s13c4_,spalin-divide-beta3,1.675662658680855
s13c4_,spalin-divide-beta5,1.57960169128355
s13c4_,spalin-divide-beta7,1.449347128315355
s13c4_,spalin-divide-beta10,1.300442818144634
s13c4_,spalin_spatialonly,3.70210277636646
s13c4_,spalin-divide-beta5_spatialonly,1.471643584750653
s5c1_,spalin,2.321693494806004
s5c1_,spalin-divide-beta1,1.481579242729636
s5c1_,spalin-divide-beta3,1.39406522540148
s5c1_,spalin-divide-beta5,1.30144364921558
s5c1_,spalin-divide-beta7,1.203200477798163
s5c1_,spalin-divide-beta10,1.04454850300534
s5c1_,spalin_spatialonly,2.64645596209016
s5c1_,spalin-divide-beta5_spatialonly,1.496152886645664
s19c3_,spalin,2.38712698685948
s19c3_,spalin-divide-beta1,1.515879563153803
s19c3_,spalin-divide-beta3,1.456377251358979
s19c3_,spalin-divide-beta5,1.39529659491249
s19c3_,spalin-divide-beta7,1.332755487771638
s19c3_,spalin-divide-beta10,1.23659737327652
s19c3_,spalin_spatialonly,4.88929108408153
s19c3_,spalin-divide-beta5_spatialonly,2.06785786703832
s5c12_,spalin,3.20405040878705
s5c12_,spalin-divide-beta1,1.732655211100644
s5c12_,spalin-divide-beta3,1.613584105008353
s5c12_,spalin-divide-beta5,1.42131126408556
s5c12_,spalin-divide-beta7,1.27896004095744
s5c12_,spalin-divide-beta10,1.130273288900317
s5c12_,spalin_spatialonly,1.832367840997366
s5c12_,spalin-divide-beta5_spatialonly,1.1305202372642
s5c6_,spalin,2.30468073546108
s5c6_,spalin-divide-beta1,1.472508205616512
s5c6_,spalin-divide-beta3,1.378573275825915
s5c6_,spalin-divide-beta5,1.282346378889526
s5c6_,spalin-divide-beta7,1.18805000817268
s5c6_,spalin-divide-beta10,1.063439457651803
s5c6_,spalin_spatialonly,3.026122385819389
s5c6_,spalin-divide-beta5_spatialonly,1.56363671446406
s19c4_,spalin,2.84364616477964
s19c4_,spalin-divide-beta1,1.650332717215688
s19c4_,spalin-divide-beta3,1.57614102077222
s19c4_,spalin-divide-beta5,1.49914788321224
s19c4_,spalin-divide-beta7,1.418944473860223
s19c4_,spalin-divide-beta10,1.29257321310333
s19c4_,spalin_spatialonly,3.748121645709878
s19c4_,spalin-divide-beta5_spatialonly,1.721112575302111
s15c8_,spalin,2.02259147059829
s15c8_,spalin-divide-beta1,1.374239668659754
s15c8_,spalin-divide-beta3,1.2754395122486
s15c8_,spalin-divide-beta5,1.157020182263302
s15c8_,spalin-divide-beta7,1.043172613792716
s15c8_,spalin-divide-beta10,0.939616103329339
s15c8_,spalin_spatialonly,2.772870683528453
s15c8_,spalin-divide-beta5_spatialonly,1.197342999379618
s3c3_,spalin,1.63566252521735
s3c3_,spalin-divide-beta1,1.22154259733182
s3c3_,spalin-divide-beta3,1.101667187315268
s3c3_,spalin-divide-beta5,0.97287725579139
s3c3_,spalin-divide-beta7,0.839965181077413
s3c3_,spalin-divide-beta10,0.646394586120722
s3c3_,spalin_spatialonly,1.930515262078584
s3c3_,spalin-divide-beta5_spatialonly,1.11741586977743
s9c4_,spalin,3.2394680531786
s9c4_,spalin-divide-beta1,1.76695088391141
s9c4_,spalin-divide-beta3,1.699971922593488
s9c4_,spalin-divide-beta5,1.631824496816848
s9c4_,spalin-divide-beta7,1.537039776341606
s9c4_,spalin-divide-beta10,1.432827856068039
s9c4_,spalin_spatialonly,4.50439353865105
s9c4_,spalin-divide-beta5_spatialonly,1.859189845365672
s15c6_,spalin,2.96978768349327
s15c6_,spalin-divide-beta1,1.6804303157389
s15c6_,spalin-divide-beta3,1.593570882580541
s15c6_,spalin-divide-beta5,1.492438069250513
s15c6_,spalin-divide-beta7,1.29864780189381
s15c6_,spalin-divide-beta10,1.306483766127994
s15c6_,spalin_spatialonly,3.575615457879646
s15c6_,spalin-divide-beta5_spatialonly,1.625075045008457
s9c3_,spalin,3.1437596129278
s9c3_,spalin-divide-beta1,1.734535415729857
s9c3_,spalin-divide-beta3,1.654819334607831
s9c3_,spalin-divide-beta5,1.571954003021301
s9c3_,spalin-divide-beta7,1.465301959058265
s9c3_,spalin-divide-beta10,1.35314414310404
s9c3_,spalin_spatialonly,2.65637921183113
s9c3_,spalin-divide-beta5_spatialonly,1.487711803216033
s15c1_,spalin,2.189516272354485
s15c1_,spalin-divide-beta1,1.44085291386944
s15c1_,spalin-divide-beta3,1.361033067530697
s15c1_,spalin-divide-beta5,1.278524118049285
s15c1_,spalin-divide-beta7,1.19437437436197
s15c1_,spalin-divide-beta10,1.05018851493318
s15c1_,spalin_spatialonly,2.877514836514477
s15c1_,spalin-divide-beta5_spatialonly,1.51622549142325
s5c7_,spalin,4.43425431130254
s5c7_,spalin-divide-beta1,2.05604828894272
s5c7_,spalin-divide-beta3,1.954761682457013
s5c7_,spalin-divide-beta5,1.831280255994673
s5c7_,spalin-divide-beta7,1.66964281517688
s5c7_,spalin-divide-beta10,1.430366817300353
s5c7_,spalin_spatialonly,3.543793414556464
s5c7_,spalin-divide-beta5_spatialonly,1.724861548150513
s5c13_,spalin,2.37942540572925
s5c13_,spalin-divide-beta1,1.504157613744993
s5c13_,spalin-divide-beta3,1.424870317928495
s5c13_,spalin-divide-beta5,1.341897809524178
s5c13_,spalin-divide-beta7,1.25497764343615
s5c13_,spalin-divide-beta10,1.117244893778126
s5c13_,spalin_spatialonly,3.690559283634194
s5c13_,spalin-divide-beta5_spatialonly,1.76291750175545
s11c1_,spalin,1.98992953153351
s11c1_,spalin-divide-beta1,1.375222744105103
s11c1_,spalin-divide-beta3,1.302309908769989
s11c1_,spalin-divide-beta5,1.226637868163633
s11c1_,spalin-divide-beta7,1.148615035072388
s11c1_,spalin-divide-beta10,1.031289966937165
s11c1_,spalin_spatialonly,3.600569030268392
s11c1_,spalin-divide-beta5_spatialonly,1.728451256750311
s19c2_,spalin,3.79814336149327
s19c2_,spalin-divide-beta1,1.89279856720533
s19c2_,spalin-divide-beta3,1.776926206289718
s19c2_,spalin-divide-beta5,1.600361646595394
s19c2_,spalin-divide-beta7,1.366936675455701
s19c2_,spalin-divide-beta10,1.268941777284255
s19c2_,spalin_spatialonly,2.646879103318332
s19c2_,spalin-divide-beta5_spatialonly,1.100024372246416
s5c9_,spalin,3.09365303704736
s5c9_,spalin-divide-beta1,1.709591643336215
s5c9_,spalin-divide-beta3,1.607298636883873
s5c9_,spalin-divide-beta5,1.498786192551933
s5c9_,spalin-divide-beta7,1.383417124634249
s5c9_,spalin-divide-beta10,1.197691806371583
s5c9_,spalin_spatialonly,2.809227852593369
s5c9_,spalin-divide-beta5_spatialonly,1.468530890640191
s7c3_,spalin,3.25377100865442
s7c3_,spalin-divide-beta1,1.759444310640508
s7c3_,spalin-divide-beta3,1.668035005696208
s7c3_,spalin-divide-beta5,1.572487680319995
s7c3_,spalin-divide-beta7,1.423689408906573
s7c3_,spalin-divide-beta10,1.256618245799485
s7c3_,spalin_spatialonly,4.17350560271208
s7c3_,spalin-divide-beta5_spatialonly,1.550242727808802
s13c2_,spalin,3.5917256785404
s13c2_,spalin-divide-beta1,1.856300428806335
s13c2_,spalin-divide-beta3,1.777030454620586
s13c2_,spalin-divide-beta5,1.683396463114253
s13c2_,spalin-divide-beta7,1.539665497420157
s13c2_,spalin-divide-beta10,1.464439577227213
s13c2_,spalin_spatialonly,4.9594759993283
s13c2_,spalin-divide-beta5_spatialonly,1.695384298266129
s9c2_,spalin,2.02339798661378
s9c2_,spalin-divide-beta1,1.38298392512311
s9c2_,spalin-divide-beta3,1.301506907605992
s9c2_,spalin-divide-beta5,1.198763265803301
s9c2_,spalin-divide-beta7,1.120996349023788
s9c2_,spalin-divide-beta10,1.000781691311358
s9c2_,spalin_spatialonly,3.325589166770009
s9c2_,spalin-divide-beta5_spatialonly,1.252887846156841
s1c1_,spalin,2.703879614149826
s1c1_,spalin-divide-beta1,1.598806703330559
s1c1_,spalin-divide-beta3,1.504071490341243
s1c1_,spalin-divide-beta5,1.404118908409356
s1c1_,spalin-divide-beta7,1.29858470910336
s1c1_,spalin-divide-beta10,1.074651402436086
s1c1_,spalin_spatialonly,2.9981809444182
s1c1_,spalin-divide-beta5_spatialonly,1.556897769279483
s9c5_,spalin,2.48450754475192
s9c5_,spalin-divide-beta1,1.541854985276309
s9c5_,spalin-divide-beta3,1.471394692286931
s9c5_,spalin-divide-beta5,1.398758409219815
s9c5_,spalin-divide-beta7,1.324250721492766
s9c5_,spalin-divide-beta10,1.18613916513187
s9c5_,spalin_spatialonly,4.41835032126827
s9c5_,spalin-divide-beta5_spatialonly,1.635116188451442
s15c7_,spalin,2.49077544581111
s15c7_,spalin-divide-beta1,1.535236004084707
s15c7_,spalin-divide-beta3,1.446417580719957
s15c7_,spalin-divide-beta5,1.352804041893502
s15c7_,spalin-divide-beta7,1.254133589846079
s15c7_,spalin-divide-beta10,1.08350724293216
s15c7_,spalin_spatialonly,3.991426540421157
s15c7_,spalin-divide-beta5_spatialonly,1.504389743923737
s3c5_,spalin,1.517569705792997
s3c5_,spalin-divide-beta1,1.1841382846431
s3c5_,spalin-divide-beta3,1.083080774934887
s3c5_,spalin-divide-beta5,0.973522806216355
s3c5_,spalin-divide-beta7,0.854564958741042
s3c5_,spalin-divide-beta10,0.688302448783913
s3c5_,spalin_spatialonly,2.367848127101576
s3c5_,spalin-divide-beta5_spatialonly,1.279443989452897
s2c10_,spalin,4.6832636699841
s2c10_,spalin-divide-beta1,2.11304287278782
s2c10_,spalin-divide-beta3,1.976735370400059
s2c10_,spalin-divide-beta5,1.789855747888997
s2c10_,spalin-divide-beta7,1.663370667201995
s2c10_,spalin-divide-beta10,1.493057591268752
s2c10_,spalin_spatialonly,2.940590485540032
s2c10_,spalin-divide-beta5_spatialonly,1.4884424581168
s21c4_,spalin,3.122036583586486
s21c4_,spalin-divide-beta1,1.715838914783689
s21c4_,spalin-divide-beta3,1.573038263195983
s21c4_,spalin-divide-beta5,1.44634215351481
s21c4_,spalin-divide-beta7,1.318761442958917
s21c4_,spalin-divide-beta10,1.193779049344893
s21c4_,spalin_spatialonly,3.761023192860735
s21c4_,spalin-divide-beta5_spatialonly,1.329155431680581
s21c3_,spalin,2.386678908529868
s21c3_,spalin-divide-beta1,1.514886222731087
s21c3_,spalin-divide-beta3,1.454787994103978
s21c3_,spalin-divide-beta5,1.39496261604787
s21c3_,spalin-divide-beta7,1.33612810100371
s21c3_,spalin-divide-beta10,1.251707635945749
s21c3_,spalin_spatialonly,2.52092925704884
s21c3_,spalin-divide-beta5_spatialonly,1.4779921795665
s21c5_,spalin,2.346522353394698
s21c5_,spalin-divide-beta1,1.495349839307758
s21c5_,spalin-divide-beta3,1.420758760835256
s21c5_,spalin-divide-beta5,1.344129187851627
s21c5_,spalin-divide-beta7,1.266107121988472
s21c5_,spalin-divide-beta10,1.140176529911472
s21c5_,spalin_spatialonly,3.89025192541
s21c5_,spalin-divide-beta5_spatialonly,1.497354963575496
s14c5_,spalin,2.19006826557063
s14c5_,spalin-divide-beta1,1.431691194493816
s14c5_,spalin-divide-beta3,1.33234690999656
s14c5_,spalin-divide-beta5,1.230126553500653
s14c5_,spalin-divide-beta7,1.12189455529215
s14c5_,spalin-divide-beta10,1.014994493573858
s14c5_,spalin_spatialonly,3.055479245826386
s14c5_,spalin-divide-beta5_spatialonly,1.272257658423316
s2c9_,spalin,2.5748071000031
s2c9_,spalin-divide-beta1,1.54717543092697
s2c9_,spalin-divide-beta3,1.389966248277483
s2c9_,spalin-divide-beta5,1.231956461824621
s2c9_,spalin-divide-beta7,1.173293462195687
s2c9_,spalin-divide-beta10,0.95612214733386
s2c9_,spalin_spatialonly,1.84168109992244
s2c9_,spalin-divide-beta5_spatialonly,0.907253341135513
s16c8_,spalin,3.4791386905192
s16c8_,spalin-divide-beta1,1.820634505744187
s16c8_,spalin-divide-beta3,1.729166885217228
s16c8_,spalin-divide-beta5,1.622856026545548
s16c8_,spalin-divide-beta7,1.465648213967947
s16c8_,spalin-divide-beta10,1.319719978704563
s16c8_,spalin_spatialonly,4.30442028239964
s16c8_,spalin-divide-beta5_spatialonly,1.577292810156844
s14c2_,spalin,1.816290726901721
s14c2_,spalin-divide-beta1,1.301371923400154
s14c2_,spalin-divide-beta3,1.2046152213424
s14c2_,spalin-divide-beta5,1.10158701301504
s14c2_,spalin-divide-beta7,0.99224606565605
s14c2_,spalin-divide-beta10,0.824509336531617
s14c2_,spalin_spatialonly,2.920901257591528
s14c2_,spalin-divide-beta5_spatialonly,1.229311009609959
s16c6_,spalin,3.58539721830933
s16c6_,spalin-divide-beta1,1.844076902417219
s16c6_,spalin-divide-beta3,1.742268460735521
s16c6_,spalin-divide-beta5,1.636743870081013
s16c6_,spalin-divide-beta7,1.493294269141237
s16c6_,spalin-divide-beta10,1.259785102456368
s16c6_,spalin_spatialonly,3.183095605210634
s16c6_,spalin-divide-beta5_spatialonly,1.426537049413441
s16c1_,spalin,2.12286550873147
s16c1_,spalin-divide-beta1,1.422362170021305
s16c1_,spalin-divide-beta3,1.35589694502389
s16c1_,spalin-divide-beta5,1.29128110596737
s16c1_,spalin-divide-beta7,1.2309197539946
s16c1_,spalin-divide-beta10,1.174161420215429
s16c1_,spalin_spatialonly,3.504062742894013
s16c1_,spalin-divide-beta5_spatialonly,1.58735611435678
s10c3_,spalin,2.431845271528886
s10c3_,spalin-divide-beta1,1.509269705822352
s10c3_,spalin-divide-beta3,1.404485939890744
s10c3_,spalin-divide-beta5,1.293222585432826
s10c3_,spalin-divide-beta7,1.1760798448539
s10c3_,spalin-divide-beta10,1.00115203983214
s10c3_,spalin_spatialonly,3.077807552030019
s10c3_,spalin-divide-beta5_spatialonly,1.26235870277091
s10c4_,spalin,2.364918300669629
s10c4_,spalin-divide-beta1,1.491050002200776
s10c4_,spalin-divide-beta3,1.39302761339914
s10c4_,spalin-divide-beta5,1.287708080008032
s10c4_,spalin-divide-beta7,1.173293303792935
s10c4_,spalin-divide-beta10,0.978265714013415
s10c4_,spalin_spatialonly,2.323962159222192
s10c4_,spalin-divide-beta5_spatialonly,1.26265694662421
s4c5_,spalin,2.91421410996381
s4c5_,spalin-divide-beta1,1.656146668997439
s4c5_,spalin-divide-beta3,1.549746938755885
s4c5_,spalin-divide-beta5,1.436694612982458
s4c5_,spalin-divide-beta7,1.315761506328124
s4c5_,spalin-divide-beta10,1.11774573665242
s4c5_,spalin_spatialonly,3.589941883853309
s4c5_,spalin-divide-beta5_spatialonly,1.63634722781482
s6c1_,spalin,3.68693193939099
s6c1_,spalin-divide-beta1,1.873157724789076
s6c1_,spalin-divide-beta3,1.776523077293362
s6c1_,spalin-divide-beta5,1.675528211718123
s6c1_,spalin-divide-beta7,1.569967368651024
s6c1_,spalin-divide-beta10,1.40281420256329
s6c1_,spalin_spatialonly,3.75870066506279
s6c1_,spalin-divide-beta5_spatialonly,1.534843171856645
s2c1_,spalin,2.97750919177433
s2c1_,spalin-divide-beta1,1.683276972160074
s2c1_,spalin-divide-beta3,1.588136675424492
s2c1_,spalin-divide-beta5,1.485927026829144
s2c1_,spalin-divide-beta7,1.409513601171894
s2c1_,spalin-divide-beta10,1.257154151405948
s2c1_,spalin_spatialonly,3.090217380687936
s2c1_,spalin-divide-beta5_spatialonly,1.540550436539205
s2c6_,spalin,2.800774856737757
s2c6_,spalin-divide-beta1,1.625150597293149
s2c6_,spalin-divide-beta3,1.52476719280067
s2c6_,spalin-divide-beta5,1.420416208299561
s2c6_,spalin-divide-beta7,1.27449098500087
s2c6_,spalin-divide-beta10,1.136466465607403
s2c6_,spalin_spatialonly,2.48756639586707
s2c6_,spalin-divide-beta5_spatialonly,1.379735814964622
s16c7_,spalin,2.444503009249838
s16c7_,spalin-divide-beta1,1.528006253248924
s16c7_,spalin-divide-beta3,1.45468937329446
s16c7_,spalin-divide-beta5,1.37801030429501
s16c7_,spalin-divide-beta7,1.297562626010461
s16c7_,spalin-divide-beta10,1.168792624063235
s16c7_,spalin_spatialonly,3.400931903223844
s16c7_,spalin-divide-beta5_spatialonly,1.649929002805035
s14c3_,spalin,3.51338628331754
s14c3_,spalin-divide-beta1,1.82948356371561
s14c3_,spalin-divide-beta3,1.73703702186856
s14c3_,spalin-divide-beta5,1.64112491523363
s14c3_,spalin-divide-beta7,1.54161880170841
s14c3_,spalin-divide-beta10,1.380386224042568
s14c3_,spalin_spatialonly,3.912765351593859
s14c3_,spalin-divide-beta5_spatialonly,1.551543682944879
s8c1_,spalin,2.72435312763535
s8c1_,spalin-divide-beta1,1.589257101520811
s8c1_,spalin-divide-beta3,1.462132702877776
s8c1_,spalin-divide-beta5,1.330686805218201
s8c1_,spalin-divide-beta7,1.163311799618835
s8c1_,spalin-divide-beta10,1.05177613701
s8c1_,spalin_spatialonly,3.37566559772506
s8c1_,spalin-divide-beta5_spatialonly,1.235073962527355
s14c4_,spalin,5.50336971490105
s14c4_,spalin-divide-beta1,2.30607011979869
s14c4_,spalin-divide-beta3,2.13451397742429
s14c4_,spalin-divide-beta5,1.964009501697226
s14c4_,spalin-divide-beta7,1.863093379749802
s14c4_,spalin-divide-beta10,1.783461790233493
s14c4_,spalin_spatialonly,3.43451130937186
s14c4_,spalin-divide-beta5_spatialonly,1.623073856587964
s16c9_,spalin,1.84882574141921
s16c9_,spalin-divide-beta1,1.310005507723167
s16c9_,spalin-divide-beta3,1.204793520363259
s16c9_,spalin-divide-beta5,1.09011506296893
s16c9_,spalin-divide-beta7,0.963503350322812
s16c9_,spalin-divide-beta10,0.680814501549127
s16c9_,spalin_spatialonly,1.908871061509437
s16c9_,spalin-divide-beta5_spatialonly,1.130137496424311
s2c8_,spalin,1.704831436665245
s2c8_,spalin-divide-beta1,1.256983008651501
s2c8_,spalin-divide-beta3,1.154147870439598
s2c8_,spalin-divide-beta5,1.042655018162405
s2c8_,spalin-divide-beta7,0.920741679615445
s2c8_,spalin-divide-beta10,0.752706235047682
s2c8_,spalin_spatialonly,3.14618627181139
s2c8_,spalin-divide-beta5_spatialonly,1.294890629971675
s8c6_,spalin,3.2921680048421
s8c6_,spalin-divide-beta1,1.770156205895674
s8c6_,spalin-divide-beta3,1.675498382085443
s8c6_,spalin-divide-beta5,1.553598398469644
s8c6_,spalin-divide-beta7,1.45489466632876
s8c6_,spalin-divide-beta10,1.310997047840064
s8c6_,spalin_spatialonly,3.636868798233983
s8c6_,spalin-divide-beta5_spatialonly,1.418539818687415
s12c1_,spalin,2.44186083263846
s12c1_,spalin-divide-beta1,1.522101281562211
s12c1_,spalin-divide-beta3,1.437736327952141
s12c1_,spalin-divide-beta5,1.3484900254255
s12c1_,spalin-divide-beta7,1.25349828714358
s12c1_,spalin-divide-beta10,1.097682946620109
s12c1_,spalin_spatialonly,3.666067356273454
s12c1_,spalin-divide-beta5_spatialonly,1.738528014554869
s4c4_,spalin,1.580859437999872
s4c4_,spalin-divide-beta1,1.215942316841046
s4c4_,spalin-divide-beta3,1.12992797393745
s4c4_,spalin-divide-beta5,1.039594931926499
s4c4_,spalin-divide-beta7,0.945464781654787
s4c4_,spalin-divide-beta10,0.801750532406945
s4c4_,spalin_spatialonly,2.6877983525053
s4c4_,spalin-divide-beta5_spatialonly,1.181897728829991
s10c5_,spalin,2.734805960379744
s10c5_,spalin-divide-beta1,1.60098328003739
s10c5_,spalin-divide-beta3,1.490241738864697
s10c5_,spalin-divide-beta5,1.371778639967943
s10c5_,spalin-divide-beta7,1.244438551721824
s10c5_,spalin-divide-beta10,0.975719730570281
s10c5_,spalin_spatialonly,3.04404686502545
s10c5_,spalin-divide-beta5_spatialonly,1.428495250719991
s18c1_,spalin,2.36018860619344
s18c1_,spalin-divide-beta1,1.489231278901488
s18c1_,spalin-divide-beta3,1.391464873831551
s18c1_,spalin-divide-beta5,1.28863103482923
s18c1_,spalin-divide-beta7,1.181015640622233
s18c1_,spalin-divide-beta10,1.017177482412447
s18c1_,spalin_spatialonly,1.70138392797298
s18c1_,spalin-divide-beta5_spatialonly,1.141735458258136
s10c2_,spalin,2.71048796774665
s10c2_,spalin-divide-beta1,1.605592811165633
s10c2_,spalin-divide-beta3,1.521603774750745
s10c2_,spalin-divide-beta5,1.433885609362223
s10c2_,spalin-divide-beta7,1.342466552739868
s10c2_,spalin-divide-beta10,1.180953887410554
s10c2_,spalin_spatialonly,3.37329080199872
s10c2_,spalin-divide-beta5_spatialonly,1.395410409987855
s4c3_,spalin,2.44634893977779
s4c3_,spalin-divide-beta1,1.509190300059047
s4c3_,spalin-divide-beta3,1.338349445868777
s4c3_,spalin-divide-beta5,1.26956319532948
s4c3_,spalin-divide-beta7,1.133096876415545
s4c3_,spalin-divide-beta10,0.960771147505367
s4c3_,spalin_spatialonly,2.28918657217253
s4c3_,spalin-divide-beta5_spatialonly,1.232768549590151
s20c3_,spalin,2.125392120232
s20c3_,spalin-divide-beta1,1.418847338858695
s20c3_,spalin-divide-beta3,1.337908090397176
s20c3_,spalin-divide-beta5,1.25255453664088
s20c3_,spalin-divide-beta7,1.162574752728306
s20c3_,spalin-divide-beta10,1.020733044851647
s20c3_,spalin_spatialonly,3.05857459922775
s20c3_,spalin-divide-beta5_spatialonly,1.56281002149834
s20c4_,spalin,7.802322210898517
s20c4_,spalin-divide-beta1,2.738349962953065
s20c4_,spalin-divide-beta3,2.62616308874746
s20c4_,spalin-divide-beta5,2.509899918119929
s20c4_,spalin-divide-beta7,2.3897594883983
s20c4_,spalin-divide-beta10,2.06582572961259
s20c4_,spalin_spatialonly,4.301343978902604
s20c4_,spalin-divide-beta5_spatialonly,1.886563743882663
s4c10_,spalin,2.764368454760276
s4c10_,spalin-divide-beta1,1.621728857326229
s4c10_,spalin-divide-beta3,1.53777010897161
s4c10_,spalin-divide-beta5,1.412005592046291
s4c10_,spalin-divide-beta7,1.229264193490462
s4c10_,spalin-divide-beta10,1.197596296991254
s4c10_,spalin_spatialonly,3.805046383019395
s4c10_,spalin-divide-beta5_spatialonly,1.367681721219969
s20c5_,spalin,2.60162403245118
s20c5_,spalin-divide-beta1,1.579510566295223
s20c5_,spalin-divide-beta3,1.511237090382726
s20c5_,spalin-divide-beta5,1.441479441138145
s20c5_,spalin-divide-beta7,1.370824486542014
s20c5_,spalin-divide-beta10,1.26636191237248
s20c5_,spalin_spatialonly,3.650273451553015
s20c5_,spalin-divide-beta5_spatialonly,1.46886127331905
s20c2_,spalin,3.268954471385156
s20c2_,spalin-divide-beta1,1.759773652054493
s20c2_,spalin-divide-beta3,1.66005765450634
s20c2_,spalin-divide-beta5,1.525963817507204
s20c2_,spalin-divide-beta7,1.401721729048734
s20c2_,spalin-divide-beta10,1.216736247844828
s20c2_,spalin_spatialonly,3.79477238378982
s20c2_,spalin-divide-beta5_spatialonly,1.42224032545033
s17c1_,spalin,1.20099467793688
s17c1_,spalin-divide-beta1,1.049452146721248
s17c1_,spalin-divide-beta3,0.952861619924117
s17c1_,spalin-divide-beta5,0.853751493503759
s17c1_,spalin-divide-beta7,0.772658771587221
s17c1_,spalin-divide-beta10,0.740118100893489
s17c1_,spalin_spatialonly,2.09295901095329
s17c1_,spalin-divide-beta5_spatialonly,0.886079450680743
s15c2_,spalin,1.971002247027965
s15c2_,spalin-divide-beta1,1.359193961273238
s15c2_,spalin-divide-beta3,1.265517673131412
s15c2_,spalin-divide-beta5,1.165316304240592
s15c2_,spalin-divide-beta7,1.057466806102451
s15c2_,spalin-divide-beta10,0.904955112128469
s15c2_,spalin_spatialonly,3.059456362826679
s15c2_,spalin-divide-beta5_spatialonly,1.284280851374447
s15c5_,spalin,2.698500251490131
s15c5_,spalin-divide-beta1,1.597359732278979
s15c5_,spalin-divide-beta3,1.50386221450011
s15c5_,spalin-divide-beta5,1.406269313880659
s15c5_,spalin-divide-beta7,1.27078568892478
s15c5_,spalin-divide-beta10,1.156749760324858
s15c5_,spalin_spatialonly,4.28243922936257
s15c5_,spalin-divide-beta5_spatialonly,1.34210648021916
s7c6_,spalin,3.376610638714328
s7c6_,spalin-divide-beta1,1.818023852859801
s7c6_,spalin-divide-beta3,1.779257772421949
s7c6_,spalin-divide-beta5,1.741186508488565
s7c6_,spalin-divide-beta7,1.704387492437485
s7c6_,spalin-divide-beta10,1.652052283131346
s7c6_,spalin_spatialonly,7.19184567578172
s7c6_,spalin-divide-beta5_spatialonly,1.900539648688537
s7c1_,spalin,2.967894385476297
s7c1_,spalin-divide-beta1,1.68204713000051
s7c1_,spalin-divide-beta3,1.598611274982961
s7c1_,spalin-divide-beta5,1.511664826322434
s7c1_,spalin-divide-beta7,1.421770331254542
s7c1_,spalin-divide-beta10,1.260084865650061
s7c1_,spalin_spatialonly,4.1211755088344
s7c1_,spalin-divide-beta5_spatialonly,1.519253201117574
s5c11_,spalin,2.543516556623034
s5c11_,spalin-divide-beta1,1.524444691453941
s5c11_,spalin-divide-beta3,1.37480501992495
s5c11_,spalin-divide-beta5,1.2131863422727
s5c11_,spalin-divide-beta7,1.044641455117884
s5c11_,spalin-divide-beta10,0.83128764907354
s5c11_,spalin_spatialonly,1.9101646944648
s5c11_,spalin-divide-beta5_spatialonly,1.109643135593066
s5c5_,spalin,2.07057204238265
s5c5_,spalin-divide-beta1,1.393206502954897
s5c5_,spalin-divide-beta3,1.298450392647506
s5c5_,spalin-divide-beta5,1.200526844260947
s5c5_,spalin-divide-beta7,1.102921832628508
s5c5_,spalin-divide-beta10,0.970405875919874
s5c5_,spalin_spatialonly,2.961283497813454
s5c5_,spalin-divide-beta5_spatialonly,1.15853019660783
s5c2_,spalin,3.10490938990443
s5c2_,spalin-divide-beta1,1.723231066749837
s5c2_,spalin-divide-beta3,1.642898916251927
s5c2_,spalin-divide-beta5,1.532282178856278
s5c2_,spalin-divide-beta7,1.38591396091371
s5c2_,spalin-divide-beta10,1.2409451076539
s5c2_,spalin_spatialonly,2.869387190580517
s5c2_,spalin-divide-beta5_spatialonly,1.36141713979219
s9c6_,spalin,1.25015072386763
s9c6_,spalin-divide-beta1,1.04583367313843
s9c6_,spalin-divide-beta3,0.887479664930334
s9c6_,spalin-divide-beta5,0.711415512375325
s9c6_,spalin-divide-beta7,0.567415658547961
s9c6_,spalin-divide-beta10,0.675602511337531
s9c6_,spalin_spatialonly,0.66732783106512
s9c6_,spalin-divide-beta5_spatialonly,0.564193058008154
s15c4_,spalin,2.094405904702142
s15c4_,spalin-divide-beta1,1.39851960104438
s15c4_,spalin-divide-beta3,1.297733605410153
s15c4_,spalin-divide-beta5,1.193099971990961
s15c4_,spalin-divide-beta7,1.030134087861619
s15c4_,spalin-divide-beta10,0.93898784733865
s15c4_,spalin_spatialonly,2.5441959538358
s15c4_,spalin-divide-beta5_spatialonly,1.167836056025931
s9c1_,spalin,3.25469754148037
s9c1_,spalin-divide-beta1,1.758174835199797
s9c1_,spalin-divide-beta3,1.665157327898267
s9c1_,spalin-divide-beta5,1.569181946777709
s9c1_,spalin-divide-beta7,1.40954629020738
s9c1_,spalin-divide-beta10,1.235821546771711
s9c1_,spalin_spatialonly,3.193793447661476
s9c1_,spalin-divide-beta5_spatialonly,1.337897617449244
s1c2_,spalin,6.08182334744494
s1c2_,spalin-divide-beta1,2.42232962181574
s1c2_,spalin-divide-beta3,2.33309688119644
s1c2_,spalin-divide-beta5,2.24117994792015
s1c2_,spalin-divide-beta7,2.14688102536974
s1c2_,spalin-divide-beta10,1.978522371636088
s1c2_,spalin_spatialonly,4.09191956040193
s1c2_,spalin-divide-beta5_spatialonly,1.86783658814272
s15c3_,spalin,1.442813222444535
s15c3_,spalin-divide-beta1,1.161053801888875
s15c3_,spalin-divide-beta3,1.07842758865488
s15c3_,spalin-divide-beta5,0.993604571485944
s15c3_,spalin-divide-beta7,0.909257170980019
s15c3_,spalin-divide-beta10,0.79991922641144
s15c3_,spalin_spatialonly,2.006464768856017
s15c3_,spalin-divide-beta5_spatialonly,1.179132049303119
s3c1_,spalin,2.71612968431477
s3c1_,spalin-divide-beta1,1.601271912850372
s3c1_,spalin-divide-beta3,1.503872382511369
s3c1_,spalin-divide-beta5,1.401131078646777
s3c1_,spalin-divide-beta7,1.28812107345399
s3c1_,spalin-divide-beta10,1.18260186327584
s3c1_,spalin_spatialonly,2.472570729832795
s3c1_,spalin-divide-beta5_spatialonly,1.154903527912604
s5c3_,spalin,1.89111996215345
s5c3_,spalin-divide-beta1,1.330168234116192
s5c3_,spalin-divide-beta3,1.236098933979303
s5c3_,spalin-divide-beta5,1.136174692980623
s5c3_,spalin-divide-beta7,1.030236906669989
s5c3_,spalin-divide-beta10,0.88706571139527
s5c3_,spalin_spatialonly,3.03942923253045
s5c3_,spalin-divide-beta5_spatialonly,1.268503059344445
s19c1_,spalin,2.88874494659569
s19c1_,spalin-divide-beta1,1.6447177092112
s19c1_,spalin-divide-beta3,1.529283177705863
s19c1_,spalin-divide-beta5,1.404095062469523
s19c1_,spalin-divide-beta7,1.267837902479712
s19c1_,spalin-divide-beta10,1.043114084328946
s19c1_,spalin_spatialonly,3.92272413171358
s19c1_,spalin-divide-beta5_spatialonly,1.22145840765255
s5c4_,spalin,4.41805828089113
s5c4_,spalin-divide-beta1,2.05215599482383
s5c4_,spalin-divide-beta3,1.9505090439873
s5c4_,spalin-divide-beta5,1.766659891362905
s5c4_,spalin-divide-beta7,1.587883491252444
s5c4_,spalin-divide-beta10,1.519819724341927
s5c4_,spalin_spatialonly,4.12735432602739
s5c4_,spalin-divide-beta5_spatialonly,1.544102114220665
s5c10_,spalin,3.29460519415504
s5c10_,spalin-divide-beta1,1.758113414362128
s5c10_,spalin-divide-beta3,1.640620812791173
s5c10_,spalin-divide-beta5,1.472702090271904
s5c10_,spalin-divide-beta7,1.312133756042111
s5c10_,spalin-divide-beta10,1.208170638643806
s5c10_,spalin_spatialonly,2.632211452917029
s5c10_,spalin-divide-beta5_spatialonly,1.373292766999071
s13c1_,spalin,2.666657414044659
s13c1_,spalin-divide-beta1,1.594825987076066
s13c1_,spalin-divide-beta3,1.51675150579142
s13c1_,spalin-divide-beta5,1.43788348528757
s13c1_,spalin-divide-beta7,1.345982174891365
s13c1_,spalin-divide-beta10,1.227159718206362
s13c1_,spalin_spatialonly,2.894764382380395
s13c1_,spalin-divide-beta5_spatialonly,1.554275256223225
s21c1_,spalin,2.744012216273432
s21c1_,spalin-divide-beta1,1.614358239440255
s21c1_,spalin-divide-beta3,1.527799190772956
s21c1_,spalin-divide-beta5,1.383973736702169
s21c1_,spalin-divide-beta7,1.320041044581087
s21c1_,spalin-divide-beta10,1.210618426921831
s21c1_,spalin_spatialonly,4.084566744301973
s21c1_,spalin-divide-beta5_spatialonly,1.21562765415307
s4c6_,spalin,4.51615061449473
s4c6_,spalin-divide-beta1,2.02601064828832
s4c6_,spalin-divide-beta3,1.83932282296677
s4c6_,spalin-divide-beta5,1.631604020646425
s4c6_,spalin-divide-beta7,1.51398879633709
s4c6_,spalin-divide-beta10,1.42667362970919
s4c6_,spalin_spatialonly,3.8950144139752
s4c6_,spalin-divide-beta5_spatialonly,1.308993408962895
s4c1_,spalin,1.825122501540689
s4c1_,spalin-divide-beta1,1.28095330075211
s4c1_,spalin-divide-beta3,1.129997139085951
s4c1_,spalin-divide-beta5,0.94548331348091
s4c1_,spalin-divide-beta7,0.772292518452522
s4c1_,spalin-divide-beta10,0.734804777117172
s4c1_,spalin_spatialonly,1.601909258100776
s4c1_,spalin-divide-beta5_spatialonly,0.794698902285598
s12c4_,spalin,2.047456829167718
s12c4_,spalin-divide-beta1,1.387115993101031
s12c4_,spalin-divide-beta3,1.295940685454003
s12c4_,spalin-divide-beta5,1.199679900992539
s12c4_,spalin-divide-beta7,1.098725634276708
s12c4_,spalin-divide-beta10,0.944318114690982
s12c4_,spalin_spatialonly,2.908498331099391
s12c4_,spalin-divide-beta5_spatialonly,1.225848138171669
s12c3_,spalin,3.63158888430026
s12c3_,spalin-divide-beta1,1.834497880795
s12c3_,spalin-divide-beta3,1.685062450284388
s12c3_,spalin-divide-beta5,1.513686169409062
s12c3_,spalin-divide-beta7,1.053262505594169
s12c3_,spalin-divide-beta10,1.114108768173789
s12c3_,spalin_spatialonly,1.74839045007407
s12c3_,spalin-divide-beta5_spatialonly,1.068493041296205
s6c2_,spalin,2.08887541734733
s6c2_,spalin-divide-beta1,1.414921474275889
s6c2_,spalin-divide-beta3,1.352238278526513
s6c2_,spalin-divide-beta5,1.286669227495932
s6c2_,spalin-divide-beta7,1.217791394778379
s6c2_,spalin-divide-beta10,1.107255695850301
s6c2_,spalin_spatialonly,2.78946364289596
s6c2_,spalin-divide-beta5_spatialonly,1.481854377066252
s8c3_,spalin,2.840506847704467
s8c3_,spalin-divide-beta1,1.622588049170596
s8c3_,spalin-divide-beta3,1.49128610729757
s8c3_,spalin-divide-beta5,1.352700887951583
s8c3_,spalin-divide-beta7,1.12208881565117
s8c3_,spalin-divide-beta10,0.961349306822392
s8c3_,spalin_spatialonly,2.24421164437218
s8c3_,spalin-divide-beta5_spatialonly,1.254255401442235
s14c6_,spalin,1.632294013262595
s14c6_,spalin-divide-beta1,1.234066157348587
s14c6_,spalin-divide-beta3,1.143634079023699
s14c6_,spalin-divide-beta5,1.048923103065373
s14c6_,spalin-divide-beta7,0.95145340161782
s14c6_,spalin-divide-beta10,0.776823296971769
s14c6_,spalin_spatialonly,2.70053934470967
s14c6_,spalin-divide-beta5_spatialonly,1.455184719459191
s8c4_,spalin,3.813600148816375
s8c4_,spalin-divide-beta1,1.8977522166078
s8c4_,spalin-divide-beta3,1.783419248717775
s8c4_,spalin-divide-beta5,1.628661643893842
s8c4_,spalin-divide-beta7,1.408436450875324
s8c4_,spalin-divide-beta10,1.276098828488424
s8c4_,spalin_spatialonly,3.907007043477364
s8c4_,spalin-divide-beta5_spatialonly,1.3865710481452
s16c2_,spalin,2.039605695205154
s16c2_,spalin-divide-beta1,1.37366906516659
s16c2_,spalin-divide-beta3,1.258770867799783
s16c2_,spalin-divide-beta5,1.13486532617683
s16c2_,spalin-divide-beta7,1.001844441736854
s16c2_,spalin-divide-beta10,0.877809886649252
s16c2_,spalin_spatialonly,2.750050613657048
s16c2_,spalin-divide-beta5_spatialonly,1.432611762498824
s16c5_,spalin,3.939826990294571
s16c5_,spalin-divide-beta1,1.93632428696523
s16c5_,spalin-divide-beta3,1.836260034548938
s16c5_,spalin-divide-beta5,1.732188426100023
s16c5_,spalin-divide-beta7,1.62448332668341
s16c5_,spalin-divide-beta10,1.343071129133797
s16c5_,spalin_spatialonly,4.56960167766668
s16c5_,spalin-divide-beta5_spatialonly,1.81569920845278
s2c4_,spalin,1.782586026475772
s2c4_,spalin-divide-beta1,1.290912769862883
s2c4_,spalin-divide-beta3,1.198400030010553
s2c4_,spalin-divide-beta5,1.099884386050456
s2c4_,spalin-divide-beta7,0.995509768007305
s2c4_,spalin-divide-beta10,0.84203608625209
s2c4_,spalin_spatialonly,2.5164458661226
s2c4_,spalin-divide-beta5_spatialonly,1.349835699492095
s6c3_,spalin,2.835062605304903
s6c3_,spalin-divide-beta1,1.646823673129265
s6c3_,spalin-divide-beta3,1.571301288921396
s6c3_,spalin-divide-beta5,1.49450928509915
s6c3_,spalin-divide-beta7,1.414753594574221
s6c3_,spalin-divide-beta10,1.233782936791341
s6c3_,spalin_spatialonly,3.62724341556019
s6c3_,spalin-divide-beta5_spatialonly,1.453900601254876
s12c2_,spalin,2.288952255660594
s12c2_,spalin-divide-beta1,1.463337497053809
s12c2_,spalin-divide-beta3,1.35917580692472
s12c2_,spalin-divide-beta5,1.246595572869918
s12c2_,spalin-divide-beta7,1.12336878858216
s12c2_,spalin-divide-beta10,0.909428608381739
s12c2_,spalin_spatialonly,2.364571261855586
s12c2_,spalin-divide-beta5_spatialonly,1.333311938912958
s18c2_,spalin,2.374514439254775
s18c2_,spalin-divide-beta1,1.501219504951674
s18c2_,spalin-divide-beta3,1.419683284375443
s18c2_,spalin-divide-beta5,1.335800684111539
s18c2_,spalin-divide-beta7,1.250688222035307
s18c2_,spalin-divide-beta10,1.117842095291906
s18c2_,spalin_spatialonly,3.3466811899078
s18c2_,spalin-divide-beta5_spatialonly,1.42330115448555
s10c1_,spalin,3.963438534724365
s10c1_,spalin-divide-beta1,1.949217978906126
s10c1_,spalin-divide-beta3,1.86485442235605
s10c1_,spalin-divide-beta5,1.779457448792391
s10c1_,spalin-divide-beta7,1.693715221794869
s10c1_,spalin-divide-beta10,1.346229231884823
s4c7_,spalin,3.019857394056154
s4c7_,spalin-divide-beta1,1.701930212744963
s4c7_,spalin-divide-beta3,1.565761964179296
s4c7_,spalin-divide-beta5,1.354332106846963
s4c7_,spalin-divide-beta7,1.43596688761278
s4c7_,spalin-divide-beta10,1.383026567661844
s4c7_,spalin_spatialonly,3.49071982673874
s4c7_,spalin-divide-beta5_spatialonly,1.189958693798036
s2c5_,spalin,2.23504001408903
s2c5_,spalin-divide-beta1,1.461545449883518
s2c5_,spalin-divide-beta3,1.391876646324061
s2c5_,spalin-divide-beta5,1.319794725766885
s2c5_,spalin-divide-beta7,1.245577452981171
s2c5_,spalin-divide-beta10,1.132708633037459
s2c5_,spalin_spatialonly,3.77784041095797
s2c5_,spalin-divide-beta5_spatialonly,1.71664139183339
s16c4_,spalin,3.362608142449571
s16c4_,spalin-divide-beta1,1.7878340477097
s16c4_,spalin-divide-beta3,1.693677054900211
s16c4_,spalin-divide-beta5,1.596915754363474
s16c4_,spalin-divide-beta7,1.461958116770838
s16c4_,spalin-divide-beta10,1.251247963441284
s16c4_,spalin_spatialonly,4.24297897490385
s16c4_,spalin-divide-beta5_spatialonly,1.885775146865195
s16c3_,spalin,3.9952063332805
s16c3_,spalin-divide-beta1,1.967090082590749
s16c3_,spalin-divide-beta3,1.9034217391078
s16c3_,spalin-divide-beta5,1.839932661191481
s16c3_,spalin-divide-beta7,1.777968621397595
s16c3_,spalin-divide-beta10,1.5994501301375
s16c3_,spalin_spatialonly,4.42270922479952
s16c3_,spalin-divide-beta5_spatialonly,1.919308405316086
s2c2_,spalin,2.459876095805175
s2c2_,spalin-divide-beta1,1.520319734156054
s2c2_,spalin-divide-beta3,1.42054915218052
s2c2_,spalin-divide-beta5,1.315771684771567
s2c2_,spalin-divide-beta7,1.206645074448017
s2c2_,spalin-divide-beta10,1.032456442265235
s2c2_,spalin_spatialonly,3.68485370211859
s2c2_,spalin-divide-beta5_spatialonly,1.258440962887983
s8c5_,spalin,3.182883745840271
s8c5_,spalin-divide-beta1,1.74461030446435
s8c5_,spalin-divide-beta3,1.6530124791447
s8c5_,spalin-divide-beta5,1.52986236538237
s8c5_,spalin-divide-beta7,1.449906226052783
s8c5_,spalin-divide-beta10,1.310408136939114
s8c5_,spalin_spatialonly,4.19242727113699
s8c5_,spalin-divide-beta5_spatialonly,1.47322575339567
s8c2_,spalin,3.09113980399347
s8c2_,spalin-divide-beta1,1.699791573702123
s8c2_,spalin-divide-beta3,1.578424483838438
s8c2_,spalin-divide-beta5,1.4285606756708
s8c2_,spalin-divide-beta7,1.166265367295872
s8c2_,spalin-divide-beta10,1.144075904066721
s8c2_,spalin_spatialonly,2.751543442211896
s8c2_,spalin-divide-beta5_spatialonly,1.408694717525859
